timestamp,frame_id,label,confidence,zone,proximity,approach,is_danger,x1,y1,x2,y2,area,frame_w,frame_h
1776139113.6642,10,airplane,0.469,unknown,far,stable,False,73,2,224,46,6644,360,640
1776139113.9898,17,bear,0.5524,unknown,close,stable,False,0,208,270,635,115290,360,640
1776139114.0337,18,bear,0.5524,unknown,close,stable,False,0,208,270,635,115290,360,640
1776139114.1246,20,bear,0.7601,unknown,close,stable,False,0,222,297,638,123552,360,640
1776139114.171,21,bear,0.6991,unknown,close,stable,False,0,222,297,637,123255,360,640
1776139114.2636,23,bear,0.4144,unknown,close,approaching,False,1,76,257,633,142592,360,640
1776139114.3111,24,bear,0.5284,unknown,close,approaching,False,1,92,259,609,133386,360,640
1776139114.982,37,person,0.6016,unknown,medium,stable,False,73,409,280,639,47610,360,640
1776139115.0279,38,person,0.6016,unknown,medium,stable,False,73,409,280,639,47610,360,640
1776139115.0723,39,person,0.499,unknown,medium,stable,False,77,410,279,639,46258,360,640
1776139115.1187,40,person,0.499,unknown,medium,stable,False,77,410,279,639,46258,360,640
1776139115.1668,41,person,0.499,unknown,medium,stable,False,77,410,279,639,46258,360,640
1776139115.2617,43,person,0.4041,unknown,medium,stable,False,70,417,274,639,45288,360,640
1776139115.3097,44,person,0.4041,unknown,medium,stable,False,70,417,274,639,45288,360,640
1776139115.542,49,person,0.4595,unknown,medium,stable,False,73,417,272,639,44178,360,640
1776139115.5877,50,person,0.5648,unknown,medium,stable,False,212,193,360,533,50320,360,640
1776139115.5877,50,person,0.5268,unknown,medium,stable,False,70,421,270,639,43600,360,640
1776139115.6346,51,person,0.4897,unknown,medium,approaching,False,72,422,273,639,43617,360,640
1776139115.6346,51,person,0.4133,unknown,medium,approaching,False,205,193,360,534,52855,360,640
1776139115.6794,52,person,0.6181,unknown,medium,stable,False,75,416,276,639,44823,360,640
1776139115.6794,52,person,0.4802,unknown,medium,stable,False,204,195,360,537,53352,360,640
1776139115.7264,53,person,0.6181,unknown,medium,approaching,False,75,416,276,639,44823,360,640
1776139115.7264,53,person,0.4802,unknown,medium,approaching,False,204,195,360,537,53352,360,640
1776139115.7739,54,person,0.6198,unknown,medium,approaching,False,76,420,277,639,44019,360,640
1776139115.7739,54,person,0.5196,unknown,medium,approaching,False,207,197,360,537,52020,360,640
1776139115.8206,55,person,0.4889,unknown,medium,approaching,False,74,419,275,639,44220,360,640
1776139115.8206,55,person,0.4505,unknown,medium,approaching,False,200,196,360,536,54400,360,640
1776139115.8686,56,person,0.4889,unknown,medium,approaching,False,74,419,275,639,44220,360,640
1776139115.8686,56,person,0.4505,unknown,medium,approaching,False,200,196,360,536,54400,360,640
1776139115.9145,57,person,0.5958,unknown,medium,approaching,False,74,417,278,639,45288,360,640
1776139115.9145,57,person,0.5011,unknown,medium,approaching,False,201,196,360,535,53901,360,640
1776139115.9597,58,person,0.6317,unknown,medium,approaching,False,73,417,277,639,45288,360,640
1776139115.9597,58,person,0.454,unknown,medium,approaching,False,203,196,360,536,53380,360,640
1776139116.0046,59,person,0.6317,unknown,medium,approaching,False,73,417,277,639,45288,360,640
1776139116.0046,59,person,0.454,unknown,medium,approaching,False,203,196,360,536,53380,360,640
1776139116.0505,60,person,0.6317,unknown,medium,approaching,False,73,417,277,639,45288,360,640
1776139116.0505,60,person,0.454,unknown,medium,approaching,False,203,196,360,536,53380,360,640
1776139116.0948,61,person,0.6317,unknown,medium,approaching,False,73,417,277,639,45288,360,640
1776139116.0948,61,person,0.454,unknown,medium,approaching,False,203,196,360,536,53380,360,640
1776139116.14,62,person,0.6317,unknown,medium,approaching,False,73,417,277,639,45288,360,640
1776139116.14,62,person,0.454,unknown,medium,approaching,False,203,196,360,536,53380,360,640
1776139116.1869,63,person,0.6317,unknown,medium,approaching,False,73,417,277,639,45288,360,640
1776139116.1869,63,person,0.454,unknown,medium,approaching,False,203,196,360,536,53380,360,640
1776139116.2338,64,person,0.6317,unknown,medium,approaching,False,73,417,277,639,45288,360,640
1776139116.2338,64,person,0.454,unknown,medium,approaching,False,203,196,360,536,53380,360,640
1776139116.2834,65,person,0.6317,unknown,medium,approaching,False,73,417,277,639,45288,360,640
1776139116.2834,65,person,0.454,unknown,medium,approaching,False,203,196,360,536,53380,360,640
1776139116.3317,66,person,0.6317,unknown,medium,approaching,False,73,417,277,639,45288,360,640
1776139116.3317,66,person,0.454,unknown,medium,approaching,False,203,196,360,536,53380,360,640
1776139116.3805,67,person,0.6317,unknown,medium,approaching,False,73,417,277,639,45288,360,640
1776139116.3805,67,person,0.454,unknown,medium,approaching,False,203,196,360,536,53380,360,640
1776139116.431,68,person,0.6317,unknown,medium,approaching,False,73,417,277,639,45288,360,640
1776139116.431,68,person,0.454,unknown,medium,approaching,False,203,196,360,536,53380,360,640
1776139116.4792,69,person,0.5599,unknown,medium,receding,False,59,326,201,479,21726,270,480
1776139116.5309,70,person,0.5488,unknown,medium,receding,False,61,329,196,479,20250,270,480
1776139116.5309,70,person,0.4006,unknown,medium,receding,False,160,145,270,399,27940,270,480
1776139116.5788,71,person,0.5333,unknown,medium,receding,False,61,326,200,479,21267,270,480
1776139116.5788,71,person,0.4318,unknown,medium,receding,False,155,145,270,399,29210,270,480
1776139116.627,72,person,0.5534,unknown,medium,approaching,False,60,325,200,479,21560,270,480
1776139116.627,72,person,0.4932,unknown,medium,approaching,False,155,145,270,400,29325,270,480
1776139116.6757,73,person,0.5534,unknown,medium,approaching,False,60,325,200,479,21560,270,480
1776139116.6757,73,person,0.4932,unknown,medium,approaching,False,155,145,270,400,29325,270,480
1776139116.7249,74,person,0.5356,unknown,medium,approaching,False,54,317,208,479,24948,270,480
1776139116.7249,74,person,0.5224,unknown,medium,approaching,False,155,145,270,397,28980,270,480
1776139116.7741,75,person,0.5356,unknown,medium,approaching,False,54,317,208,479,24948,270,480
1776139116.7741,75,person,0.5224,unknown,medium,approaching,False,155,145,270,397,28980,270,480
1776139116.822,76,person,0.4068,unknown,medium,receding,False,55,321,206,479,23858,270,480
1776139116.8698,77,person,0.4068,unknown,medium,stable,False,55,321,206,479,23858,270,480
1776139116.914,78,person,0.4631,unknown,medium,stable,False,56,318,209,479,24633,270,480
1776139117.1294,82,person,0.4416,unknown,close,approaching,False,62,145,270,478,69264,270,480
1776139117.2185,84,person,0.4571,unknown,medium,receding,False,135,141,270,404,35505,270,480
1776139117.2185,84,person,0.457,unknown,medium,receding,False,59,326,189,479,19890,270,480
1776139117.2666,85,person,0.4571,unknown,medium,receding,False,135,141,270,404,35505,270,480
1776139117.2666,85,person,0.457,unknown,medium,receding,False,59,326,189,479,19890,270,480
1776139117.3114,86,person,0.5618,unknown,close,receding,False,138,132,270,396,34848,270,480
1776139117.3636,87,person,0.5618,unknown,close,stable,False,138,132,270,396,34848,270,480
1776139117.4138,88,person,0.4474,unknown,medium,approaching,False,150,127,270,391,31680,270,480
1776139117.4608,89,person,0.4474,unknown,medium,stable,False,150,127,270,391,31680,270,480
1776139117.506,90,person,0.5669,unknown,medium,receding,False,58,302,209,479,26727,270,480
1776139117.506,90,person,0.485,unknown,medium,receding,False,156,124,270,380,29184,270,480
1776139117.5534,91,person,0.5453,unknown,medium,stable,False,61,301,208,479,26166,270,480
1776139117.5534,91,person,0.4511,unknown,medium,stable,False,156,128,270,382,28956,270,480
1776139117.5988,92,person,0.4783,unknown,medium,stable,False,60,300,208,479,26492,270,480
1776139117.5988,92,person,0.4019,unknown,medium,stable,False,156,123,270,378,29070,270,480
1776139117.6467,93,person,0.4334,unknown,medium,stable,False,178,121,270,372,23092,270,480
1776139117.6467,93,person,0.4115,unknown,medium,stable,False,58,300,208,479,26850,270,480
1776139117.6922,94,person,0.5453,unknown,medium,stable,False,60,295,209,479,27416,270,480
1776139117.6922,94,person,0.4568,unknown,medium,stable,False,160,120,270,373,27830,270,480
1776139117.7369,95,person,0.542,unknown,medium,approaching,False,60,290,211,479,28539,270,480
1776139117.7369,95,person,0.4836,unknown,medium,approaching,False,159,115,270,362,27417,270,480
1776139117.7815,96,person,0.627,unknown,medium,stable,False,136,109,270,373,35376,270,480
1776139117.7815,96,person,0.4298,unknown,medium,stable,False,54,292,207,479,28611,270,480
1776139117.8278,97,person,0.627,unknown,medium,stable,False,136,109,270,373,35376,270,480
1776139117.8278,97,person,0.4298,unknown,medium,stable,False,54,292,207,479,28611,270,480
1776139117.8739,98,person,0.5174,unknown,medium,stable,False,163,102,270,356,27178,270,480
1776139117.9192,99,person,0.4846,unknown,medium,receding,False,157,104,270,357,28589,270,480
1776139117.966,100,person,0.4841,unknown,medium,stable,False,159,105,270,356,27861,270,480
1776139118.0133,101,person,0.4841,unknown,medium,receding,False,159,105,270,356,27861,270,480
1776139118.0616,102,person,0.4367,unknown,medium,stable,False,163,106,270,361,27285,270,480
1776139118.1105,103,person,0.4015,unknown,medium,stable,False,157,106,270,363,29041,270,480
1776139118.1551,104,person,0.5018,unknown,close,approaching,False,85,105,270,387,52170,270,480
1776139118.2025,105,person,0.5786,unknown,close,approaching,False,90,106,270,395,52020,270,480
1776139118.2508,106,person,0.5174,unknown,close,approaching,False,88,107,270,396,52598,270,480
1776139118.4441,110,person,0.6681,unknown,close,approaching,False,0,295,249,479,45816,270,480
1776139118.4934,111,person,0.5636,unknown,close,approaching,False,0,295,254,479,46736,270,480
1776139118.542,112,person,0.6509,unknown,close,stable,False,0,294,254,479,46990,270,480
1776139118.5888,113,person,0.6155,unknown,close,stable,False,0,293,250,479,46500,270,480
1776139118.6331,114,person,0.6,unknown,close,stable,False,0,290,254,479,48006,270,480
1776139118.6784,115,person,0.6,unknown,close,stable,False,0,290,254,479,48006,270,480
1776139118.7224,116,person,0.4601,unknown,close,stable,False,0,275,262,479,53448,270,480
1776139118.767,117,person,0.6678,unknown,medium,receding,False,0,283,263,479,51548,270,480
1776139118.767,117,person,0.4059,unknown,medium,receding,False,180,234,269,379,12905,270,480
1776139118.8126,118,person,0.697,unknown,close,stable,False,0,283,262,479,51352,270,480
1776139118.8585,119,person,0.7371,unknown,close,stable,False,0,281,263,479,52074,270,480
1776139118.905,120,person,0.7318,unknown,close,stable,False,0,276,262,479,53186,270,480
1776139118.9496,121,person,0.647,unknown,close,stable,False,0,272,262,479,54234,270,480
1776139118.9988,122,person,0.647,unknown,close,approaching,False,0,272,262,479,54234,270,480
1776139119.0498,123,person,0.6205,unknown,close,approaching,False,0,251,264,479,60192,270,480
1776139119.0956,124,person,0.5191,unknown,close,approaching,False,0,242,264,479,62568,270,480
1776139119.1441,125,person,0.495,unknown,close,approaching,False,0,237,264,479,63888,270,480
1776139119.2763,127,person,0.409,unknown,close,approaching,False,0,236,266,479,64638,270,480
1776139119.323,128,person,0.466,unknown,close,stable,False,1,255,262,479,58464,270,480
1776139119.4169,130,person,0.5122,unknown,close,stable,False,0,256,260,479,57980,270,480
1776139119.4645,131,person,0.536,unknown,close,receding,False,0,273,235,479,48410,270,480
1776139119.5099,132,person,0.6716,unknown,close,stable,False,0,297,233,479,42406,270,480
1776139119.5099,132,person,0.5372,unknown,close,stable,False,0,236,259,479,62937,270,480
1776139119.5564,133,person,0.5721,unknown,close,stable,False,0,299,234,479,42120,270,480
1776139119.5564,133,person,0.4625,unknown,close,stable,False,0,235,262,479,63928,270,480
1776139119.6014,134,person,0.6923,unknown,close,stable,False,0,301,235,479,41830,270,480
1776139119.6527,135,person,0.6498,unknown,close,stable,False,0,300,239,479,42781,270,480
1776139119.6527,135,person,0.5175,unknown,close,stable,False,1,240,260,479,61901,270,480
1776139119.7009,136,person,0.6802,unknown,close,stable,False,0,305,241,479,41934,270,480
1776139119.7009,136,person,0.4828,unknown,close,stable,False,1,235,265,479,64416,270,480
1776139119.7486,137,person,0.5117,unknown,close,approaching,False,0,242,265,479,62805,270,480
1776139119.7975,138,person,0.5318,unknown,close,approaching,False,0,231,269,479,66712,270,480
1776139119.8446,139,person,0.5264,unknown,close,receding,False,0,314,219,479,36135,270,480
1776139119.9375,141,person,0.4563,unknown,close,approaching,False,0,234,269,479,65905,270,480
1776139119.9865,142,person,0.4077,unknown,close,stable,False,1,228,269,479,67268,270,480
1776139120.0329,143,person,0.4242,unknown,close,stable,False,0,246,264,479,61512,270,480
1776139120.0822,144,person,0.4141,unknown,close,stable,False,2,234,268,479,65170,270,480
1776139120.1306,145,person,0.4141,unknown,close,approaching,False,2,234,268,479,65170,270,480
1776139120.5496,154,person,0.4726,unknown,close,receding,False,0,268,240,479,50640,270,480
1776139120.5955,155,person,0.4553,unknown,close,receding,False,1,269,237,479,49560,270,480
1776139121.7198,179,person,0.5168,unknown,medium,receding,False,95,378,213,479,11918,270,480
1776139121.7673,180,person,0.4974,unknown,medium,receding,False,94,385,212,479,11092,270,480
1776139121.7673,180,person,0.4375,unknown,medium,receding,False,94,302,269,479,30975,270,480
1776139121.8146,181,person,0.4974,unknown,medium,receding,False,94,385,212,479,11092,270,480
1776139121.8146,181,person,0.4375,unknown,medium,receding,False,94,302,269,479,30975,270,480
1776139122.274,191,person,0.5015,unknown,close,approaching,False,55,146,260,379,47765,270,480
1776139122.3219,192,person,0.5659,unknown,close,approaching,False,33,141,265,383,56144,270,480
1776139122.3219,192,person,0.4654,unknown,close,approaching,False,25,142,267,480,81796,270,480
1776139122.3694,193,person,0.6131,unknown,close,approaching,False,33,137,269,379,57112,270,480
1776139122.4198,194,person,0.7875,unknown,close,approaching,False,31,136,268,377,57117,270,480
1776139122.4667,195,person,0.5893,unknown,close,stable,False,5,138,265,477,88140,270,480
1776139122.4667,195,person,0.5891,unknown,close,stable,False,22,136,265,386,60750,270,480
1776139122.5138,196,person,0.5907,unknown,close,approaching,False,23,136,268,375,58555,270,480
1776139122.5138,196,person,0.5805,unknown,close,approaching,False,5,139,266,460,83781,270,480
1776139122.5641,197,person,0.8034,unknown,close,approaching,False,0,135,267,479,91848,270,480
1776139122.6131,198,person,0.8002,unknown,close,stable,False,0,134,252,479,86940,270,480
1776139122.6615,199,person,0.8493,unknown,close,approaching,False,0,132,261,479,90567,270,480
1776139122.7097,200,person,0.849,unknown,close,approaching,False,0,133,252,478,86940,270,480
1776139122.7618,201,person,0.8697,unknown,close,stable,False,0,132,258,480,89784,270,480
1776139122.8093,202,person,0.8345,unknown,close,stable,False,0,132,255,480,88740,270,480
1776139122.862,203,person,0.6981,unknown,close,stable,False,0,134,253,478,87032,270,480
1776139122.862,203,bed,0.4699,unknown,close,stable,False,51,294,270,479,40515,270,480
1776139122.9087,204,person,0.7102,unknown,close,stable,False,0,135,253,479,87032,270,480
1776139122.9554,205,person,0.7055,unknown,close,receding,False,0,133,253,378,61985,270,480
1776139123.0011,206,pizza,0.7932,unknown,close,stable,False,53,295,270,479,39928,270,480
1776139123.0011,206,person,0.7595,unknown,close,receding,False,6,134,262,378,62464,270,480
1776139123.051,207,pizza,0.7932,unknown,close,stable,False,53,295,270,479,39928,270,480
1776139123.051,207,person,0.7595,unknown,close,receding,False,6,134,262,378,62464,270,480
1776139123.0996,208,person,0.6322,unknown,close,receding,False,2,136,253,411,69025,270,480
1776139123.1487,209,person,0.6322,unknown,close,receding,False,2,136,253,411,69025,270,480
1776139123.1971,210,person,0.7483,unknown,close,stable,False,0,136,259,373,61383,270,480
1776139123.2465,211,person,0.7187,unknown,close,stable,False,0,133,262,380,64714,270,480
1776139123.2937,212,person,0.7615,unknown,close,approaching,False,0,134,263,454,84160,270,480
1776139123.3393,213,person,0.7718,unknown,close,approaching,False,0,133,263,461,86264,270,480
1776139123.3393,213,pizza,0.5694,unknown,close,stable,False,56,296,269,479,38979,270,480
1776139123.387,214,person,0.7718,unknown,close,approaching,False,0,133,263,461,86264,270,480
1776139123.387,214,pizza,0.5694,unknown,close,stable,False,56,296,269,479,38979,270,480
1776139123.4339,215,person,0.7702,unknown,close,approaching,False,0,134,264,458,85536,270,480
1776139123.4818,216,person,0.8178,unknown,close,stable,False,5,137,267,378,63142,270,480
1776139123.5688,217,person,0.8178,unknown,close,receding,False,5,137,267,378,63142,270,480
1776139123.6147,218,person,0.8176,unknown,close,receding,False,6,137,268,378,63142,270,480
1776139123.6147,218,pizza,0.4637,unknown,close,stable,False,51,296,268,479,39711,270,480
1776139123.6601,219,person,0.765,unknown,close,stable,False,0,137,268,443,82008,270,480
1776139123.6601,219,pizza,0.5386,unknown,close,stable,False,51,296,269,479,39894,270,480
1776139123.7067,220,person,0.765,unknown,close,stable,False,0,137,268,443,82008,270,480
1776139123.7067,220,pizza,0.5386,unknown,close,stable,False,51,296,269,479,39894,270,480
1776139123.7513,221,person,0.7499,unknown,close,approaching,False,0,136,269,464,88232,270,480
1776139123.7513,221,pizza,0.5255,unknown,close,stable,False,52,297,269,479,39494,270,480
1776139123.7988,222,person,0.7499,unknown,close,approaching,False,0,136,269,464,88232,270,480
1776139123.7988,222,pizza,0.5255,unknown,close,stable,False,52,297,269,479,39494,270,480
1776139123.8461,223,person,0.76,unknown,close,approaching,False,0,136,268,468,88976,270,480
1776139123.8461,223,pizza,0.5775,unknown,close,stable,False,52,296,269,479,39711,270,480
1776139123.8913,224,person,0.7907,unknown,close,stable,False,0,137,267,480,91581,270,480
1776139123.8913,224,pizza,0.6139,unknown,close,stable,False,51,297,269,479,39676,270,480
1776139123.9385,225,person,0.7955,unknown,close,receding,False,6,140,267,382,63162,270,480
1776139123.9866,226,person,0.7955,unknown,close,receding,False,6,140,267,382,63162,270,480
1776139124.0326,227,person,0.7737,unknown,close,receding,False,5,140,268,385,64435,270,480
1776139124.0792,228,person,0.7676,unknown,close,stable,False,0,140,268,467,87636,270,480
1776139124.1248,229,person,0.7102,unknown,close,stable,False,0,141,252,464,81396,270,480
1776139124.1718,230,person,0.7395,unknown,close,approaching,False,0,141,239,466,77675,270,480
1776139124.2182,231,person,0.6811,unknown,close,approaching,False,0,141,243,442,73143,270,480
1776139124.2182,231,pizza,0.4189,unknown,close,stable,False,52,301,269,479,38626,270,480
1776139124.2674,232,person,0.6909,unknown,close,receding,False,0,145,248,475,81840,270,480
1776139124.2674,232,pizza,0.5295,unknown,close,stable,False,54,302,270,479,38232,270,480
1776139124.2674,232,person,0.4039,unknown,close,receding,False,3,143,245,380,57354,270,480
1776139124.3167,233,person,0.6777,unknown,close,receding,False,0,145,249,475,82170,270,480
1776139124.3167,233,person,0.556,unknown,close,receding,False,4,143,248,379,57584,270,480
1776139124.3167,233,pizza,0.4467,unknown,close,stable,False,53,301,270,479,38626,270,480
1776139124.3638,234,person,0.6905,unknown,close,stable,False,0,142,249,476,83166,270,480
1776139124.3638,234,pizza,0.4277,unknown,close,stable,False,54,301,270,479,38448,270,480
1776139124.4126,235,person,0.7836,unknown,close,stable,False,0,143,270,479,90720,270,480
1776139124.4598,236,person,0.7474,unknown,close,approaching,False,0,143,270,479,90720,270,480
1776139124.4598,236,pizza,0.7253,unknown,close,stable,False,53,303,269,479,38016,270,480
1776139124.5094,237,person,0.7474,unknown,close,stable,False,0,143,270,479,90720,270,480
1776139124.5094,237,pizza,0.7253,unknown,close,stable,False,53,303,269,479,38016,270,480
1776139124.5573,238,person,0.7566,unknown,close,approaching,False,0,143,270,478,90450,270,480
1776139124.5573,238,pizza,0.7104,unknown,close,stable,False,53,303,269,479,38016,270,480
1776139124.6046,239,person,0.7566,unknown,close,stable,False,0,143,270,478,90450,270,480
1776139124.6046,239,pizza,0.7104,unknown,close,stable,False,53,303,269,479,38016,270,480
1776139124.6526,240,person,0.813,unknown,close,stable,False,0,144,269,478,89846,270,480
1776139124.6526,240,pizza,0.7701,unknown,close,stable,False,52,303,269,479,38192,270,480
1776139124.6965,241,pizza,0.8202,unknown,close,stable,False,52,303,269,479,38192,270,480
1776139124.6965,241,person,0.7794,unknown,close,stable,False,0,144,268,478,89512,270,480
1776139124.746,242,pizza,0.8202,unknown,close,stable,False,52,303,269,479,38192,270,480
1776139124.746,242,person,0.7794,unknown,close,stable,False,0,144,268,478,89512,270,480
1776139124.7941,243,pizza,0.8121,unknown,close,stable,False,52,303,269,479,38192,270,480
1776139124.7941,243,person,0.7756,unknown,close,stable,False,0,144,267,477,88911,270,480
1776139124.8386,244,pizza,0.7871,unknown,close,stable,False,52,303,269,479,38192,270,480
1776139124.8386,244,person,0.7677,unknown,close,stable,False,0,145,264,476,87384,270,480
1776139124.884,245,pizza,0.7871,unknown,close,stable,False,52,303,269,479,38192,270,480
1776139124.884,245,person,0.7677,unknown,close,stable,False,0,145,264,476,87384,270,480
1776139124.9349,246,pizza,0.8468,unknown,close,stable,False,52,303,269,479,38192,270,480
1776139124.9349,246,person,0.8078,unknown,close,stable,False,0,145,268,479,89512,270,480
1776139124.9835,247,person,0.7463,unknown,close,stable,False,0,147,265,466,84535,270,480
1776139124.9835,247,pizza,0.7128,unknown,close,stable,False,52,303,269,479,38192,270,480
1776139125.03,248,person,0.8357,unknown,close,stable,False,0,146,268,479,89244,270,480
1776139125.03,248,pizza,0.7997,unknown,close,stable,False,52,303,269,479,38192,270,480
1776139125.0763,249,person,0.8431,unknown,close,stable,False,0,146,268,479,89244,270,480
1776139125.0763,249,pizza,0.7393,unknown,close,stable,False,52,304,269,479,37975,270,480
1776139125.128,250,person,0.8431,unknown,close,stable,False,0,146,268,479,89244,270,480
1776139125.128,250,pizza,0.7393,unknown,close,stable,False,52,304,269,479,37975,270,480
1776139125.1752,251,person,0.8453,unknown,close,stable,False,0,147,268,478,88708,270,480
1776139125.1752,251,pizza,0.6455,unknown,close,stable,False,52,304,269,479,37975,270,480
1776139125.2177,252,person,0.8455,unknown,close,stable,False,0,146,268,478,88976,270,480
1776139125.2177,252,pizza,0.5593,unknown,close,stable,False,52,304,269,479,37975,270,480
1776139125.3048,253,person,0.8385,unknown,close,stable,False,0,146,268,479,89244,270,480
1776139125.3048,253,pizza,0.6276,unknown,close,stable,False,52,304,270,479,38150,270,480
1776139125.3516,254,person,0.8156,unknown,close,stable,False,0,146,268,479,89244,270,480
1776139125.4015,255,person,0.8154,unknown,close,stable,False,0,146,268,479,89244,270,480
1776139125.4015,255,pizza,0.5121,unknown,close,stable,False,53,304,269,479,37800,270,480
1776139125.4514,256,person,0.8356,unknown,close,stable,False,0,146,269,479,89577,270,480
1776139125.4514,256,pizza,0.5897,unknown,close,stable,False,52,304,269,479,37975,270,480
1776139125.4978,257,person,0.8328,unknown,close,stable,False,0,146,269,479,89577,270,480
1776139125.4978,257,pizza,0.5628,unknown,close,stable,False,52,304,269,479,37975,270,480
1776139125.5448,258,person,0.8328,unknown,close,stable,False,0,146,269,479,89577,270,480
1776139125.5448,258,pizza,0.5628,unknown,close,stable,False,52,304,269,479,37975,270,480
1776139125.5897,259,person,0.8403,unknown,close,stable,False,0,146,269,478,89308,270,480
1776139125.5897,259,pizza,0.5058,unknown,close,stable,False,52,304,269,479,37975,270,480
1776139125.6364,260,person,0.8164,unknown,close,stable,False,0,147,268,478,88708,270,480
1776139125.6831,261,person,0.8465,unknown,close,stable,False,0,147,268,478,88708,270,480
1776139125.732,262,person,0.8465,unknown,close,stable,False,0,147,268,478,88708,270,480
1776139125.7811,263,person,0.8326,unknown,close,stable,False,0,147,268,478,88708,270,480
1776139125.8288,264,person,0.8188,unknown,close,stable,False,0,146,268,478,88976,270,480
1776139125.8816,265,person,0.8117,unknown,close,stable,False,0,146,268,478,88976,270,480
1776139125.9272,266,person,0.7667,unknown,close,stable,False,0,147,268,474,87636,270,480
1776139125.9725,267,person,0.7667,unknown,close,stable,False,0,147,268,474,87636,270,480
1776139126.0191,268,person,0.7654,unknown,close,stable,False,0,146,268,474,87904,270,480
1776139126.0671,269,person,0.763,unknown,close,stable,False,0,146,268,474,87904,270,480
1776139126.1166,270,person,0.7649,unknown,close,stable,False,0,146,268,471,87100,270,480
1776139126.1645,271,person,0.7715,unknown,close,stable,False,0,145,269,470,87425,270,480
1776139126.1645,271,dining table,0.4304,unknown,close,stable,False,51,302,269,479,38586,270,480
1776139126.2116,272,person,0.7854,unknown,close,stable,False,0,146,268,478,88976,270,480
1776139126.2604,273,person,0.7854,unknown,close,stable,False,0,146,268,478,88976,270,480
1776139126.3071,274,person,0.8212,unknown,close,stable,False,0,146,268,478,88976,270,480
1776139126.3515,275,person,0.8512,unknown,close,stable,False,0,146,268,477,88708,270,480
1776139126.4012,276,person,0.8109,unknown,close,stable,False,0,146,269,477,89039,270,480
1776139126.4466,277,person,0.8469,unknown,close,stable,False,0,146,268,477,88708,270,480
1776139126.4933,278,person,0.816,unknown,close,stable,False,0,147,269,477,88770,270,480
1776139126.538,279,person,0.8086,unknown,close,stable,False,0,147,269,477,88770,270,480
1776139126.5854,280,person,0.8086,unknown,close,stable,False,0,147,269,477,88770,270,480
1776139126.6347,281,person,0.8432,unknown,close,stable,False,0,146,268,477,88708,270,480
1776139126.6826,282,person,0.8479,unknown,close,stable,False,0,146,268,477,88708,270,480
1776139126.6826,282,dining table,0.4149,unknown,close,stable,False,53,304,269,479,37800,270,480
1776139126.7313,283,person,0.8605,unknown,close,stable,False,0,145,268,477,88976,270,480
1776139126.7814,284,person,0.8663,unknown,close,stable,False,0,145,268,477,88976,270,480
1776139126.8289,285,person,0.8701,unknown,close,stable,False,0,146,268,477,88708,270,480
1776139126.8784,286,person,0.8686,unknown,close,stable,False,0,146,268,477,88708,270,480
1776139126.9253,287,person,0.8611,unknown,close,stable,False,0,146,268,477,88708,270,480
1776139126.9707,288,person,0.8566,unknown,close,stable,False,0,145,268,477,88976,270,480
1776139127.0176,289,person,0.8605,unknown,close,stable,False,0,145,268,477,88976,270,480
1776139127.0643,290,person,0.8563,unknown,close,stable,False,0,146,268,477,88708,270,480
1776139127.1128,291,person,0.8619,unknown,close,stable,False,0,146,268,477,88708,270,480
1776139127.1599,292,person,0.8601,unknown,close,stable,False,0,146,268,477,88708,270,480
1776139127.2061,293,person,0.8609,unknown,close,stable,False,0,146,269,477,89039,270,480
1776139127.2523,294,person,0.8503,unknown,close,stable,False,0,146,268,477,88708,270,480
1776139127.2985,295,person,0.8243,unknown,close,stable,False,0,146,268,477,88708,270,480
1776139127.3449,296,person,0.8344,unknown,close,stable,False,0,145,268,477,88976,270,480
1776139127.3979,297,person,0.8344,unknown,close,stable,False,0,145,268,477,88976,270,480
1776139127.4866,298,person,0.8478,unknown,close,stable,False,0,145,268,477,88976,270,480
1776139127.5351,299,person,0.844,unknown,close,stable,False,0,147,268,478,88708,270,480
1776139127.5809,300,person,0.844,unknown,close,stable,False,0,147,268,478,88708,270,480
1776139127.6281,301,person,0.8232,unknown,close,stable,False,0,146,268,478,88976,270,480
1776139127.6753,302,person,0.8531,unknown,close,stable,False,0,146,268,478,88976,270,480
1776139127.7208,303,person,0.8561,unknown,close,stable,False,0,146,269,478,89308,270,480
1776139127.7658,304,person,0.8561,unknown,close,stable,False,0,146,269,478,89308,270,480
1776139127.8131,305,person,0.8327,unknown,close,stable,False,0,147,269,477,88770,270,480
1776139127.8611,306,person,0.8447,unknown,close,stable,False,0,147,269,477,88770,270,480
1776139127.9118,307,person,0.8453,unknown,close,stable,False,0,147,269,477,88770,270,480
1776139127.9589,308,person,0.8532,unknown,close,stable,False,0,147,268,477,88440,270,480
1776139128.006,309,person,0.8532,unknown,close,stable,False,0,147,268,477,88440,270,480
1776139128.0519,310,person,0.8414,unknown,close,stable,False,0,147,268,477,88440,270,480
1776139128.0979,311,person,0.7575,unknown,close,receding,False,0,147,269,413,71554,270,480
1776139128.0979,311,dining table,0.4381,unknown,close,stable,False,53,305,269,479,37584,270,480
1776139128.1467,312,person,0.7831,unknown,close,stable,False,0,149,270,475,88020,270,480
1776139128.1467,312,bed,0.4346,unknown,close,stable,False,52,304,269,479,37975,270,480
1776139128.1958,313,person,0.7621,unknown,close,stable,False,0,149,270,475,88020,270,480
1776139128.2445,314,person,0.7608,unknown,close,stable,False,0,149,269,475,87694,270,480
1776139128.2983,315,person,0.7608,unknown,close,stable,False,0,149,269,475,87694,270,480
1776139128.3456,316,person,0.7569,unknown,close,stable,False,0,147,269,411,71016,270,480
1776139128.3927,317,person,0.7569,unknown,close,receding,False,0,147,269,411,71016,270,480
1776139128.4387,318,person,0.7597,unknown,close,receding,False,1,147,269,401,68072,270,480
1776139128.4849,319,person,0.7542,unknown,close,receding,False,0,148,269,410,70478,270,480
1776139128.5342,320,person,0.7496,unknown,close,receding,False,0,148,269,411,70747,270,480
1776139128.5898,321,person,0.7615,unknown,close,stable,False,0,147,269,409,70478,270,480
1776139128.6392,322,person,0.7655,unknown,close,stable,False,1,147,269,402,68340,270,480
1776139128.6875,323,person,0.7448,unknown,close,stable,False,0,147,269,409,70478,270,480
1776139128.7378,324,person,0.7588,unknown,close,approaching,False,0,148,269,475,87963,270,480
1776139128.7849,325,person,0.8228,unknown,close,approaching,False,0,148,268,478,88440,270,480
1776139128.8357,326,person,0.8228,unknown,close,approaching,False,0,148,268,478,88440,270,480
1776139128.8837,327,person,0.7487,unknown,close,stable,False,0,147,269,417,72630,270,480
1776139128.8837,327,dining table,0.4839,unknown,close,stable,False,53,305,269,479,37584,270,480
1776139128.9309,328,person,0.7637,unknown,close,stable,False,0,147,269,414,71823,270,480
1776139128.9854,329,person,0.8629,unknown,close,stable,False,0,148,268,478,88440,270,480
1776139129.0347,330,person,0.8309,unknown,close,stable,False,0,148,270,479,89370,270,480
1776139129.0852,331,person,0.8309,unknown,close,stable,False,0,148,270,479,89370,270,480
1776139129.1349,332,person,0.838,unknown,close,stable,False,0,144,244,479,81740,270,480
1776139129.1828,333,person,0.873,unknown,close,approaching,False,0,127,247,479,86944,270,480
1776139129.2315,334,person,0.873,unknown,close,stable,False,0,127,247,479,86944,270,480
1776139129.2774,335,person,0.8186,unknown,close,stable,False,0,109,246,478,90774,270,480
1776139131.0174,370,person,0.4009,unknown,medium,receding,False,208,248,269,478,14030,270,480
1776139131.0678,371,vase,0.4883,unknown,close,stable,False,0,60,187,476,77792,270,480
1776139131.1171,372,vase,0.4883,unknown,close,stable,False,0,60,187,476,77792,270,480
1776139131.1696,373,person,0.5147,unknown,medium,receding,False,0,6,257,478,121304,270,480
1776139131.1696,373,person,0.4087,unknown,medium,receding,False,213,253,269,478,12600,270,480
1776139131.2186,374,person,0.4832,unknown,close,approaching,False,0,1,266,480,127414,270,480
1776139131.266,375,person,0.5516,unknown,close,approaching,False,0,7,224,478,105504,270,480
1776139131.3108,376,person,0.5516,unknown,close,approaching,False,0,7,224,478,105504,270,480
1776139131.4001,378,person,0.6406,unknown,close,receding,False,15,193,270,479,72930,270,480
1776139131.4477,379,person,0.6406,unknown,close,approaching,False,15,193,270,479,72930,270,480
1776139131.4941,380,person,0.913,unknown,close,receding,False,12,187,269,479,75044,270,480
1776139131.5401,381,person,0.8886,unknown,close,receding,False,8,178,270,479,78862,270,480
1776139131.5838,382,person,0.8753,unknown,close,receding,False,11,155,270,479,83916,270,480
1776139131.6319,383,person,0.8606,unknown,close,approaching,False,13,125,270,479,90978,270,480
1776139131.6796,384,person,0.8781,unknown,close,approaching,False,11,97,270,479,98938,270,480
1776139131.7983,385,person,0.8756,unknown,close,approaching,False,19,92,270,479,97137,270,480
1776139131.8442,386,person,0.7871,unknown,close,approaching,False,9,104,269,479,97500,270,480
1776139131.8887,387,person,0.8391,unknown,close,approaching,False,1,106,269,480,100232,270,480
1776139131.933,388,person,0.892,unknown,close,stable,False,1,117,267,479,96292,270,480
1776139131.9814,389,person,0.8946,unknown,close,stable,False,1,129,267,479,93100,270,480
1776139132.0295,390,person,0.8989,unknown,close,stable,False,0,135,264,480,91080,270,480
1776139132.0804,391,person,0.932,unknown,close,stable,False,0,141,268,480,90852,270,480
1776139132.1269,392,person,0.9472,unknown,close,stable,False,0,138,269,479,91729,270,480
1776139132.1708,393,person,0.9439,unknown,close,stable,False,0,131,269,478,93343,270,480
1776139132.2152,394,person,0.9328,unknown,close,stable,False,0,122,269,478,95764,270,480
1776139132.2614,395,person,0.9453,unknown,close,stable,False,0,118,268,479,96748,270,480
1776139132.3062,396,person,0.9499,unknown,close,stable,False,0,118,269,479,97109,270,480
1776139132.3516,397,person,0.9466,unknown,close,stable,False,0,125,269,478,94957,270,480
1776139132.404,398,person,0.952,unknown,close,stable,False,0,130,269,479,93881,270,480
1776139132.4488,399,person,0.952,unknown,close,stable,False,0,130,269,479,93881,270,480
1776139132.4963,400,person,0.9522,unknown,close,stable,False,0,130,269,478,93612,270,480
1776139132.5432,401,person,0.9511,unknown,close,stable,False,0,129,269,479,94150,270,480
1776139132.5906,402,person,0.9473,unknown,close,stable,False,0,128,269,479,94419,270,480
1776139132.6365,403,person,0.9486,unknown,close,stable,False,0,129,268,479,93800,270,480
1776139132.6812,404,person,0.9477,unknown,close,stable,False,0,130,268,479,93532,270,480
1776139132.7301,405,person,0.9506,unknown,close,stable,False,0,130,269,479,93881,270,480
1776139132.7773,406,person,0.9433,unknown,close,stable,False,0,125,269,478,94957,270,480
1776139132.8249,407,person,0.9281,unknown,close,stable,False,1,121,269,479,95944,270,480
1776139132.8711,408,person,0.8115,unknown,close,stable,False,2,120,267,478,94870,270,480
1776139132.9171,409,person,0.8115,unknown,close,stable,False,2,120,267,478,94870,270,480
1776139132.9636,410,person,0.6116,unknown,close,receding,False,57,237,255,479,47916,270,480
1776139133.1023,413,person,0.4553,unknown,medium,receding,False,129,313,269,479,23240,270,480
1776139134.1119,434,laptop,0.4156,unknown,close,stable,False,0,6,200,274,53600,270,480
1776139134.1586,435,tv,0.7471,unknown,medium,stable,False,111,14,270,208,30846,270,480
1776139134.2036,436,tv,0.4701,unknown,medium,stable,False,148,25,270,218,23546,270,480
1776139135.3198,460,vase,0.5018,unknown,close,receding,False,131,45,270,478,60187,270,480
1776139135.3672,461,vase,0.5018,unknown,close,receding,False,131,45,270,478,60187,270,480
1776139135.415,462,vase,0.6013,unknown,close,receding,False,141,66,270,476,52890,270,480
1776139135.4628,463,vase,0.6013,unknown,close,receding,False,141,66,270,476,52890,270,480
1776139135.6963,468,vase,0.5068,unknown,close,receding,False,149,79,270,479,48400,270,480
1776139135.7477,469,vase,0.4213,unknown,close,receding,False,154,71,269,478,46805,270,480
1776139135.8068,470,vase,0.5209,unknown,close,receding,False,156,71,270,477,46284,270,480
1776139135.9088,472,vase,0.4156,unknown,close,receding,False,158,77,270,476,44688,270,480
1776139136.0947,476,vase,0.4661,unknown,close,receding,False,165,76,270,477,42105,270,480
1776139136.4175,482,vase,0.5441,unknown,close,stable,False,167,71,270,478,41921,270,480
1776139136.4664,483,vase,0.5441,unknown,close,stable,False,167,71,270,478,41921,270,480
1776139136.5241,484,vase,0.4337,unknown,close,stable,False,166,70,269,478,42024,270,480
1776139137.4015,503,vase,0.4928,unknown,close,stable,False,176,66,269,476,38130,270,480
1776139137.4483,504,vase,0.4928,unknown,close,stable,False,176,66,269,476,38130,270,480
1776139138.3308,522,wine glass,0.4323,unknown,medium,stable,False,187,222,270,473,20833,270,480
1776139138.3823,523,wine glass,0.5954,unknown,medium,stable,False,190,221,269,473,19908,270,480
1776139138.4312,524,wine glass,0.4818,unknown,medium,stable,False,191,222,269,472,19500,270,480
1776139138.4805,525,wine glass,0.5292,unknown,medium,stable,False,192,222,269,471,19173,270,480
1776139138.5276,526,wine glass,0.5292,unknown,medium,stable,False,192,222,269,471,19173,270,480
1776139138.5745,527,wine glass,0.5292,unknown,medium,stable,False,192,222,269,471,19173,270,480
1776139139.6054,549,person,0.4771,unknown,close,stable,False,0,52,269,407,95495,270,480
1776139139.6529,550,person,0.4771,unknown,close,stable,False,0,52,269,407,95495,270,480
1776139139.7001,551,person,0.4307,unknown,close,stable,False,0,40,269,369,88501,270,480
1776139139.7488,552,person,0.4307,unknown,close,approaching,False,0,40,269,369,88501,270,480
1776139141.2788,584,bed,0.4076,unknown,close,approaching,False,0,76,270,399,87210,270,480
1776139141.3272,585,bed,0.4049,unknown,close,approaching,False,0,73,270,406,89910,270,480
1776139141.6132,591,bed,0.4081,unknown,close,approaching,False,0,73,270,395,86940,270,480
1776139141.7581,594,bed,0.4085,unknown,close,approaching,False,0,71,270,409,91260,270,480
1776139141.9978,599,bed,0.4939,unknown,close,approaching,False,0,73,270,469,106920,270,480
1776139143.0081,619,person,0.4479,unknown,close,approaching,False,3,76,270,413,89979,270,480
1776139143.2606,624,person,0.4209,unknown,close,approaching,False,4,26,269,479,120045,270,480
1776139143.3133,625,person,0.5408,unknown,close,approaching,False,3,39,269,478,116774,270,480
1776139143.3637,626,person,0.5408,unknown,close,approaching,False,3,39,269,478,116774,270,480
1776139143.4158,627,person,0.4568,unknown,close,stable,False,2,99,269,391,77964,270,480
1776139143.7464,634,person,0.4459,unknown,close,stable,False,0,63,269,404,91729,270,480
1776139143.8875,637,bed,0.4283,unknown,medium,receding,False,3,382,269,479,25802,270,480
1776139144.6384,653,bed,0.4277,unknown,close,approaching,False,0,80,270,475,106650,270,480
1776139144.8322,657,umbrella,0.4198,unknown,medium,stable,False,5,286,269,396,29040,270,480
1776139144.8821,658,umbrella,0.4198,unknown,medium,stable,False,5,286,269,396,29040,270,480
1776139144.9667,659,umbrella,0.6496,unknown,medium,receding,False,81,316,268,399,15521,270,480
1776139145.0163,660,umbrella,0.7023,unknown,medium,receding,False,97,317,270,403,14878,270,480
1776139145.0707,661,umbrella,0.8424,unknown,medium,receding,False,106,318,270,406,14432,270,480
1776139145.0707,661,person,0.4083,unknown,far,receding,False,68,308,106,428,4560,270,480
1776139145.1227,662,umbrella,0.7917,unknown,medium,receding,False,112,318,269,405,13659,270,480
1776139145.3092,666,person,0.4131,unknown,medium,receding,False,146,316,269,479,20049,270,480
1776139145.3564,667,umbrella,0.4798,unknown,far,receding,False,164,314,269,398,8820,270,480
1776139145.4033,668,umbrella,0.4798,unknown,far,receding,False,164,314,269,398,8820,270,480
1776139145.5451,671,person,0.4724,unknown,medium,receding,False,207,278,269,479,12462,270,480
1776139145.5947,672,person,0.4288,unknown,far,receding,False,223,294,269,478,8464,270,480
1776139145.7366,675,umbrella,0.4009,unknown,far,receding,False,130,251,269,285,4726,270,480
1776139145.9254,679,person,0.5055,unknown,far,receding,False,0,416,88,479,5544,270,480
1776139145.9713,680,person,0.4427,unknown,far,approaching,False,0,408,93,479,6603,270,480
1776139146.019,681,person,0.4427,unknown,far,receding,False,0,408,93,479,6603,270,480
1776139146.2274,685,person,0.4161,unknown,medium,stable,False,0,385,117,479,10998,270,480
1776139147.0559,703,person,0.4467,unknown,medium,approaching,False,215,243,269,479,12744,270,480
1776139147.2491,706,person,0.4091,unknown,medium,approaching,False,215,244,269,479,12690,270,480
1776139147.2942,707,person,0.4091,unknown,medium,approaching,False,215,244,269,479,12690,270,480
1776139147.341,708,person,0.4091,unknown,medium,approaching,False,215,244,269,479,12690,270,480
1776139147.3926,709,person,0.5808,unknown,medium,approaching,False,214,241,269,479,13090,270,480
1776139147.4411,710,person,0.5808,unknown,medium,stable,False,214,241,269,479,13090,270,480
1776139147.4884,711,person,0.5808,unknown,medium,stable,False,214,241,269,479,13090,270,480
1776139147.5348,712,person,0.5963,unknown,medium,stable,False,215,243,269,479,12744,270,480
1776139147.5348,712,chair,0.4009,unknown,medium,stable,False,0,353,143,479,18018,270,480
1776139147.5832,713,person,0.6248,unknown,medium,stable,False,214,239,269,479,13200,270,480
1776139147.6319,714,person,0.6248,unknown,medium,stable,False,214,239,269,479,13200,270,480
1776139147.6801,715,person,0.6248,unknown,medium,stable,False,214,239,269,479,13200,270,480
1776139147.7268,716,person,0.5493,unknown,medium,stable,False,213,239,270,480,13737,270,480
1776139147.7732,717,person,0.5415,unknown,medium,stable,False,213,242,269,479,13272,270,480
1776139147.8177,718,person,0.5415,unknown,medium,stable,False,213,242,269,479,13272,270,480
1776139147.9625,721,chair,0.469,unknown,medium,stable,False,0,354,142,479,17750,270,480
1776139148.0123,722,chair,0.4814,unknown,medium,stable,False,0,354,143,479,17875,270,480
1776139148.06,723,chair,0.4578,unknown,medium,stable,False,0,354,142,479,17750,270,480
1776139148.1053,724,chair,0.4578,unknown,medium,stable,False,0,354,142,479,17750,270,480
1776139148.1497,725,chair,0.491,unknown,medium,stable,False,0,354,142,479,17750,270,480
1776139148.1979,726,person,0.6071,unknown,medium,stable,False,209,242,269,479,14220,270,480
1776139148.1979,726,chair,0.4832,unknown,medium,stable,False,0,354,142,479,17750,270,480
1776139148.2468,727,person,0.5774,unknown,medium,stable,False,209,240,269,479,14340,270,480
1776139148.2468,727,chair,0.455,unknown,medium,stable,False,0,354,142,479,17750,270,480
1776139148.2946,728,chair,0.538,unknown,medium,stable,False,0,354,142,479,17750,270,480
1776139148.2946,728,person,0.489,unknown,medium,stable,False,209,244,269,479,14100,270,480
1776139148.342,729,chair,0.4637,unknown,medium,stable,False,0,354,142,479,17750,270,480
1776139148.342,729,person,0.4282,unknown,medium,stable,False,209,254,269,479,13500,270,480
1776139148.3868,730,person,0.6396,unknown,medium,receding,False,208,249,269,479,14030,270,480
1776139148.3868,730,person,0.432,unknown,medium,receding,False,123,280,177,479,10746,270,480
1776139148.532,733,chair,0.4605,unknown,medium,stable,False,0,353,143,479,18018,270,480
1776139148.58,734,chair,0.5601,unknown,medium,stable,False,0,352,143,479,18161,270,480
1776139148.58,734,person,0.4187,unknown,medium,stable,False,206,240,269,478,14994,270,480
1776139148.6284,735,chair,0.5171,unknown,medium,stable,False,0,352,143,479,18161,270,480
1776139148.6766,736,chair,0.5266,unknown,medium,stable,False,0,352,143,479,18161,270,480
1776139148.7215,737,chair,0.5116,unknown,medium,stable,False,0,352,143,479,18161,270,480
1776139148.7674,738,chair,0.5116,unknown,medium,stable,False,0,352,143,479,18161,270,480
1776139148.8147,739,chair,0.5057,unknown,medium,stable,False,0,351,143,479,18304,270,480
1776139148.8633,740,chair,0.5057,unknown,medium,stable,False,0,351,143,479,18304,270,480
1776139148.911,741,chair,0.4932,unknown,medium,stable,False,0,351,144,479,18432,270,480
1776139148.9573,742,chair,0.4932,unknown,medium,stable,False,0,351,144,479,18432,270,480
1776139149.007,743,chair,0.5331,unknown,medium,stable,False,0,351,143,479,18304,270,480
1776139149.007,743,person,0.4299,unknown,medium,stable,False,206,240,270,478,15232,270,480
1776139149.0556,744,person,0.4631,unknown,medium,stable,False,206,242,270,478,15104,270,480
1776139149.0556,744,chair,0.4513,unknown,medium,stable,False,0,351,144,479,18432,270,480
1776139149.1039,745,chair,0.6693,unknown,medium,stable,False,0,350,145,479,18705,270,480
1776139149.1039,745,person,0.4097,unknown,medium,stable,False,208,243,269,479,14396,270,480
1776139149.1521,746,chair,0.6035,unknown,medium,stable,False,0,350,145,479,18705,270,480
1776139149.1521,746,person,0.5245,unknown,medium,approaching,False,210,251,269,479,13452,270,480
1776139149.201,747,chair,0.6035,unknown,medium,stable,False,0,350,145,479,18705,270,480
1776139149.201,747,person,0.5245,unknown,medium,stable,False,210,251,269,479,13452,270,480
1776139149.2481,748,chair,0.5646,unknown,medium,stable,False,0,350,146,479,18834,270,480
1776139149.3342,749,chair,0.5454,unknown,medium,stable,False,0,350,146,479,18834,270,480
1776139149.3342,749,person,0.4482,unknown,medium,stable,False,213,245,269,479,13104,270,480
1776139149.3813,750,person,0.5536,unknown,medium,stable,False,213,244,269,479,13160,270,480
1776139149.3813,750,chair,0.5301,unknown,medium,stable,False,0,350,146,479,18834,270,480
1776139149.4275,751,chair,0.5738,unknown,medium,stable,False,0,350,146,479,18834,270,480
1776139149.4275,751,person,0.5183,unknown,medium,stable,False,213,245,269,479,13104,270,480
1776139149.4729,752,chair,0.5669,unknown,medium,stable,False,0,350,145,479,18705,270,480
1776139149.4729,752,person,0.4728,unknown,medium,stable,False,213,246,269,479,13048,270,480
1776139149.5208,753,person,0.5197,unknown,medium,stable,False,213,245,269,479,13104,270,480
1776139149.5208,753,chair,0.4481,unknown,medium,stable,False,0,349,146,479,18980,270,480
1776139149.5724,754,person,0.5197,unknown,medium,stable,False,213,245,269,479,13104,270,480
1776139149.5724,754,chair,0.4481,unknown,medium,stable,False,0,349,146,479,18980,270,480
1776139149.6219,755,person,0.5473,unknown,medium,stable,False,213,247,269,479,12992,270,480
1776139149.6219,755,chair,0.4586,unknown,medium,stable,False,0,349,146,479,18980,270,480
1776139149.6723,756,person,0.5473,unknown,medium,stable,False,213,247,269,479,12992,270,480
1776139149.6723,756,chair,0.4586,unknown,medium,stable,False,0,349,146,479,18980,270,480
1776139149.7204,757,person,0.5819,unknown,medium,stable,False,211,250,269,479,13282,270,480
1776139149.7204,757,chair,0.4958,unknown,medium,stable,False,0,350,146,479,18834,270,480
1776139149.7693,758,person,0.5256,unknown,medium,stable,False,213,252,269,479,12712,270,480
1776139149.7693,758,chair,0.5197,unknown,medium,stable,False,0,349,146,479,18980,270,480
1776139149.82,759,person,0.5256,unknown,medium,stable,False,213,252,269,479,12712,270,480
1776139149.82,759,chair,0.5197,unknown,medium,stable,False,0,349,146,479,18980,270,480
1776139149.8681,760,chair,0.5151,unknown,medium,stable,False,0,349,146,479,18980,270,480
1776139149.8681,760,person,0.4228,unknown,medium,stable,False,213,254,269,479,12600,270,480
1776139149.9148,761,chair,0.489,unknown,medium,stable,False,0,350,146,479,18834,270,480
1776139149.9613,762,chair,0.5886,unknown,medium,stable,False,0,350,147,479,18963,270,480
1776139150.0097,763,chair,0.5886,unknown,medium,stable,False,0,350,147,479,18963,270,480
1776139150.0586,764,chair,0.5923,unknown,medium,stable,False,0,350,147,479,18963,270,480
1776139150.1053,765,chair,0.6056,unknown,medium,stable,False,0,350,146,479,18834,270,480
1776139150.1524,766,chair,0.6134,unknown,medium,stable,False,0,351,146,479,18688,270,480
1776139150.1524,766,person,0.5441,unknown,medium,approaching,False,205,247,270,477,14950,270,480
1776139150.1991,767,chair,0.6274,unknown,medium,stable,False,0,350,146,479,18834,270,480
1776139150.2455,768,chair,0.6043,unknown,medium,stable,False,0,350,146,479,18834,270,480
1776139150.2455,768,person,0.4691,unknown,medium,stable,False,205,247,270,478,15015,270,480
1776139150.292,769,chair,0.5671,unknown,medium,stable,False,0,350,146,479,18834,270,480
1776139150.3387,770,chair,0.5616,unknown,medium,stable,False,0,349,146,479,18980,270,480
1776139150.3387,770,person,0.4701,unknown,medium,approaching,False,205,251,270,478,14755,270,480
1776139150.3857,771,chair,0.5453,unknown,medium,stable,False,0,350,146,479,18834,270,480
1776139150.3857,771,person,0.456,unknown,medium,stable,False,206,255,269,479,14112,270,480
1776139150.4337,772,chair,0.4748,unknown,medium,stable,False,0,350,145,479,18705,270,480
1776139150.4337,772,person,0.4121,unknown,medium,approaching,False,205,250,269,479,14656,270,480
1776139150.4824,773,chair,0.5441,unknown,medium,stable,False,0,350,145,479,18705,270,480
1776139150.5717,774,chair,0.5441,unknown,medium,stable,False,0,350,145,479,18705,270,480
1776139150.6185,775,chair,0.6275,unknown,medium,stable,False,0,350,145,479,18705,270,480
1776139150.6653,776,chair,0.5532,unknown,medium,stable,False,0,350,145,479,18705,270,480
1776139150.7114,777,chair,0.5532,unknown,medium,stable,False,0,350,145,479,18705,270,480
1776139150.7616,778,chair,0.5281,unknown,medium,stable,False,0,350,145,479,18705,270,480
1776139150.8069,779,chair,0.6589,unknown,medium,stable,False,0,350,145,479,18705,270,480
1776139150.8539,780,chair,0.7082,unknown,medium,stable,False,0,350,145,479,18705,270,480
1776139150.9008,781,chair,0.6188,unknown,medium,stable,False,0,350,145,479,18705,270,480
1776139150.9008,781,person,0.496,unknown,medium,stable,False,203,251,270,478,15209,270,480
1776139150.9501,782,chair,0.6298,unknown,medium,stable,False,0,350,145,479,18705,270,480
1776139150.9501,782,person,0.5352,unknown,medium,stable,False,203,252,269,478,14916,270,480
1776139150.9966,783,person,0.4682,unknown,medium,stable,False,206,259,269,479,13860,270,480
1776139150.9966,783,chair,0.4175,unknown,medium,stable,False,0,351,146,479,18688,270,480
1776139151.042,784,chair,0.5571,unknown,medium,stable,False,0,352,145,479,18415,270,480
1776139151.042,784,person,0.4931,unknown,medium,stable,False,202,255,269,479,15008,270,480
1776139151.0883,785,chair,0.5571,unknown,medium,stable,False,0,352,145,479,18415,270,480
1776139151.0883,785,person,0.4931,unknown,medium,stable,False,202,255,269,479,15008,270,480
1776139151.2774,789,person,0.4853,unknown,medium,stable,False,0,371,136,479,14688,270,480
1776139151.3265,790,person,0.4853,unknown,medium,stable,False,0,371,136,479,14688,270,480
1776139151.373,791,person,0.4588,unknown,medium,stable,False,0,382,129,479,12513,270,480
1776139151.4202,792,person,0.4588,unknown,medium,receding,False,0,382,129,479,12513,270,480
1776139151.467,793,bottle,0.4639,unknown,far,stable,False,99,316,136,474,5846,270,480
1776139151.467,793,person,0.4186,unknown,medium,receding,False,0,386,126,479,11718,270,480
1776139151.5159,794,bottle,0.5757,unknown,far,stable,False,100,318,135,475,5495,270,480
1776139151.5159,794,person,0.4944,unknown,medium,receding,False,0,386,122,479,11346,270,480
1776139151.5667,795,person,0.4565,unknown,medium,receding,False,0,387,121,479,11132,270,480
1776139151.617,796,person,0.4936,unknown,medium,stable,False,0,386,124,479,11532,270,480
1776139151.6648,797,person,0.4773,unknown,medium,stable,False,0,385,127,479,11938,270,480
1776139151.711,798,person,0.4865,unknown,medium,stable,False,0,384,129,479,12255,270,480
1776139151.7561,799,person,0.4865,unknown,medium,stable,False,0,384,129,479,12255,270,480
1776139151.9418,803,person,0.44,unknown,medium,stable,False,0,382,130,479,12610,270,480
1776139151.9887,804,person,0.44,unknown,medium,stable,False,0,382,130,479,12610,270,480
1776139152.0354,805,person,0.4478,unknown,medium,stable,False,0,381,130,479,12740,270,480
1776139152.0837,806,person,0.4482,unknown,medium,stable,False,0,381,130,479,12740,270,480
1776139152.2289,809,person,0.4127,unknown,medium,stable,False,0,382,130,479,12610,270,480
1776139152.2784,810,person,0.4127,unknown,medium,stable,False,0,382,130,479,12610,270,480
1776139152.3253,811,person,0.4871,unknown,medium,stable,False,0,380,130,479,12870,270,480
1776139152.3764,812,person,0.5164,unknown,medium,stable,False,0,380,130,479,12870,270,480
1776139152.4249,813,person,0.5331,unknown,medium,stable,False,1,381,131,479,12740,270,480
1776139152.468,814,person,0.5331,unknown,medium,stable,False,1,381,131,479,12740,270,480
1776139152.5171,815,person,0.4472,unknown,medium,stable,False,1,381,133,479,12936,270,480
1776139152.5171,815,horse,0.4133,unknown,medium,stable,False,182,291,269,478,16269,270,480
1776139152.5664,816,horse,0.4743,unknown,medium,stable,False,183,274,269,479,17630,270,480
1776139152.5664,816,person,0.4177,unknown,medium,stable,False,1,378,131,479,13130,270,480
1776139152.6127,817,horse,0.4743,unknown,medium,stable,False,183,274,269,479,17630,270,480
1776139152.6127,817,person,0.4177,unknown,medium,stable,False,1,378,131,479,13130,270,480
1776139152.6627,818,horse,0.4004,unknown,medium,stable,False,183,270,269,479,17974,270,480
1776139152.7488,819,bottle,0.4423,unknown,far,stable,False,98,312,135,456,5328,270,480
1776139152.895,822,person,0.4581,unknown,medium,stable,False,1,380,125,479,12276,270,480
1776139153.1145,826,person,0.4519,unknown,medium,stable,False,0,381,122,479,11956,270,480
1776139153.2158,827,person,0.4775,unknown,far,receding,False,0,400,113,479,8927,270,480
1776139153.8794,841,tv,0.8685,unknown,medium,stable,False,127,20,270,213,27599,270,480
1776139153.9307,842,tv,0.7259,unknown,medium,stable,False,110,19,270,212,30880,270,480
1776139153.9792,843,laptop,0.8229,unknown,close,stable,False,88,8,270,287,50778,270,480
1776139153.9792,843,tv,0.504,unknown,close,approaching,False,91,6,270,211,36695,270,480
1776139154.0381,844,tv,0.6419,unknown,close,approaching,False,79,0,269,205,38950,270,480
1776139154.088,845,tv,0.5436,unknown,close,approaching,False,48,0,268,184,40480,270,480
1776139154.1352,846,tv,0.5436,unknown,close,approaching,False,48,0,268,184,40480,270,480
1776139154.6073,856,tv,0.5667,unknown,medium,receding,False,0,0,181,106,19186,270,480
1776139154.6581,857,keyboard,0.5577,unknown,medium,stable,False,0,0,179,118,21122,270,480
1776139154.7048,858,tv,0.53,unknown,medium,receding,False,0,0,174,128,22272,270,480
1776139154.751,859,tv,0.4534,unknown,medium,receding,False,0,0,167,134,22378,270,480
1776139154.8001,860,tv,0.4541,unknown,medium,receding,False,0,0,165,141,23265,270,480
1776139154.9481,862,tv,0.5646,unknown,medium,receding,False,0,0,201,132,26532,270,480
